HudongItem1,relation,HudongItem2
糙米,develop_from,颖果
蔗糖,develop_from,葡萄糖
蔗糖,develop_from,果糖
浆果,develop_from,古柯
多个片段,develop_from,泛素核糖体L40融合蛋白基因mRNA
小RNA,develop_from,原始转录本
稻穗,develop_from,花
S-和R-蛋氨酸亚砜,develop_from,蛋氨酸残基
根表皮细胞,develop_from,单核细胞
复合体,develop_from,Hd1与Ghd7
叶芽,develop_from,芽
花芽,develop_from,芽
双组分信号级联传递通路,develop_from,Edh1与水稻中未知的组蛋白激酶
双组分信号级联传递通路,develop_from,Edh1
花粉粒,develop_from,小孢子
种子,develop_from,胚珠
果实,develop_from,子房
复合物,develop_from,OsRR1
枝芽,develop_from,芽
真果,develop_from,雌蕊的子房
假果,develop_from,花托、花萼或者花序轴等其他部分
类似内外稃的器官,develop_from,浆片和颖片
丝胺酸,develop_from,天冬酰胺
叶原基,develop_from,命运未决定的细胞
已经决定命运的细胞,develop_from,已经决定命运的细胞
用于制造淀粉的物质,develop_from,蔗糖
SSA,develop_from,SA
胚,develop_from,受精卵
胚乳,develop_from,受精极核
颖片,develop_from,侧生小花
胚乳细胞,develop_from,初生胚乳核
子囊孢子,develop_from,菌核
分生孢子,develop_from,胎盘孢子
稻穗,develop_from,稻
稻谷,develop_from,稻花
胚芽,develop_from,胚珠
子房,develop_from,胚乳
淀粉体单元,develop_from,淀粉体
新淀粉体,develop_from,原淀粉体
基质浓密小泡,develop_from,大淀粉体
蛋白体Ⅰ,develop_from,粗面内质网
proteinbodyⅠ,develop_from,粗面内质网
PbⅠ,develop_from,粗面内质网
蛋白体Ⅰ,develop_from,RER
proteinbodyⅠ,develop_from,RER
PbⅠ,develop_from,RER
蛋白贮藏液泡,develop_from,液泡
氦,develop_from,氢
另一种物质,develop_from,一种物质
不同的形式,develop_from,生命
纤维状结构,develop_from,物质
接收子复合物,develop_from,钠钾帮浦与无接收子酪胺酸磷酸酶
气态水,develop_from,蒸汽
小枝,develop_from,稻株
稻穗,develop_from,水稻
胚,develop_from,第一个精子
胚乳,develop_from,第二个精子
三聚体化合物三聚氰胺,develop_from,氨基氰分子
三聚体化合物,develop_from,氨基氰分子
三聚氰胺,develop_from,氨基氰分子
不凝结气体,develop_from,外部空气
稳固的配合键,develop_from,有机的配体可以和中心的金属原子
菌核,develop_from,尸体
类似胚乳的器官,develop_from,母体胚囊的其他细胞
主要养份储存处,develop_from,胚囊外的细胞
底万,develop_from,阿拉伯植物
稻曲病,has_a_morphology_trait,黄绿色或黑绿色的孢子球
稻飞虱病,has_a_morphology_trait,叶子明显发黄
稻飞虱病,has_a_morphology_trait,植物枯萎
稻水蝇病,has_a_morphology_trait,植株发育迟缓
水稻草状矮缩病,has_a_morphology_trait,严重发育不全
黄化叶,has_a_morphology_trait,叶子变黄
水稻胡麻斑病,has_a_morphology_trait,叶斑小
水稻黄斑驳病毒病,has_a_morphology_trait,发育迟缓
水稻黄斑驳病毒病,has_a_morphology_trait,分蘖减少
水稻黄斑驳病毒病,has_a_morphology_trait,叶片斑驳
水稻黄斑驳病毒病,has_a_morphology_trait,花期延迟
水稻黄斑驳病毒病,has_a_morphology_trait,圆锥花序不完全出现
水稻黄斑驳病毒病,has_a_morphology_trait,植物死亡
水稻东格鲁病,has_a_morphology_trait,叶片橙黄色
水稻东格鲁病,has_a_morphology_trait,植株发育迟缓
水稻东格鲁病,has_a_morphology_trait,矮小瘦弱
水稻东格鲁病,has_a_morphology_trait,分蘖量降低
恶苗病,has_a_morphology_trait,植株异常伸长
恶苗病,has_a_morphology_trait,分蘖少
恶苗病,has_a_morphology_trait,产谷前死亡
鞘腐病,has_a_morphology_trait,近穗部的叶鞘呈圆形
鞘腐病,has_a_morphology_trait,穗伸出障碍
水稻齿叶矮缩病,has_a_morphology_trait,发育不良
耐寒性,has_a_morphology_trait,叶色变化
耐冷性,has_a_morphology_trait,叶色变化
抗寒性,has_a_morphology_trait,叶色变化
直穗病,has_a_morphology_trait,籽粒不育
直穗病,has_a_morphology_trait,穗子保持直立
水稻细菌性白叶枯病,has_a_morphology_trait,白叶枯
黄绿叶基因,has_a_morphology_trait,黄绿叶
白叶枯病,has_a_morphology_trait,半透明黄色小斑
白叶枯病,has_a_morphology_trait,灰白色
白叶枯病,has_a_morphology_trait,枯槁色
白叶枯病,has_a_morphology_trait,波纹状的黄绿或灰绿色病斑
隐性高秆,has_a_morphology_trait,茎秆最上部节间异常伸长
黑粉病,has_a_morphology_trait,小的黑色脓疱或者条纹
黑粉病,has_a_morphology_trait,短喙状或圆柱状突起
褐飞虱病,has_a_morphology_trait,茎秆枯黄
褐飞虱病,has_a_morphology_trait,叶片萎蔫
褐飞虱病,has_a_morphology_trait,整株死亡
褐飞虱病,has_a_morphology_trait,育性降低
杂种不育性,has_a_morphology_trait,雌配子不育
dl(t)表型,has_a_morphology_trait,叶片披垂
其他等位基因,has_a_morphology_trait,花器官发育异常
dm型半矮秆突变体DMF-1,has_a_morphology_trait,除第二节间伸长受抑制外，其它接近正常
dm型半矮秆突变体DMF-1,has_a_morphology_trait,第二节间伸长受抑制
日本晴的qSW5基因,has_a_morphology_trait,粒宽的增加
来自Kasalath的显性等位基因,has_a_morphology_trait,散生性状
杂种劣势现象,has_a_morphology_trait,分蘖少，茎秆短，叶色灰绿
杂种劣势现象,has_a_morphology_trait,分蘖少
杂种劣势现象,has_a_morphology_trait,茎秆短
杂种劣势现象,has_a_morphology_trait,叶色灰绿
sdt3基因的品种,has_a_morphology_trait,矮生
sdt3基因的品种,has_a_morphology_trait,多分蘖
sdt3基因的品种,has_a_morphology_trait,茎秆较软
sdt3基因的品种,has_a_morphology_trait,叶色偏淡
sdt3基因的品种,has_a_morphology_trait,抽穗较早
半矮秆突变单株,has_a_morphology_trait,高度明显变矮
转入拟南芥AtBAK1基因的水稻,has_a_morphology_trait,半矮化
转入拟南芥AtBAK1基因的水稻,has_a_morphology_trait,主根缩短
转入拟南芥AtBAK1基因的水稻,has_a_morphology_trait,对24-表油菜素内酯过于敏感
转入拟南芥AtBAK1基因的水稻,has_a_morphology_trait,半矮化、主根缩短和对24-表油菜素内酯过于敏感
osmyoXIB缺乏突变体,has_a_morphology_trait,花粉败育
ep3突变体,has_a_morphology_trait,直立穗
lp的突变体,has_a_morphology_trait,花枝梗增多
lp的突变体,has_a_morphology_trait,籽粒数增加
lp的突变体,has_a_morphology_trait,抗倒伏
Os02g15950功能缺失突变体,has_a_morphology_trait,穗直立
Os02g15950功能缺失突变体,has_a_morphology_trait,气孔保卫细胞小于野生型
Os02g15950功能缺失突变体,has_a_morphology_trait,叶片光合能力和气孔导度均减弱
不育单株,has_a_morphology_trait,花药细小空瘪
d3突变体,has_a_morphology_trait,株高变矮
d3突变体,has_a_morphology_trait,分蘖增多
D3突变体,has_a_morphology_trait,腋生分生组织正常形成
d6突变体,has_a_morphology_trait,株高矮化
spl5突变体,has_a_morphology_trait,棕褐色斑点
D18的突变,has_a_morphology_trait,株高显著降低
d10突变体,has_a_morphology_trait,株高变矮
d10突变体,has_a_morphology_trait,分蘖增多
AA-pi21,has_a_morphology_trait,病斑较小
新泰矮,has_a_morphology_trait,茎秆较细
缺失D35,has_a_morphology_trait,严重矮化
不含有Sub1A基因,has_a_morphology_trait,淹涝敏感
Mh-1,has_a_morphology_trait,茎秆最上部节间异常伸长
Mh-1,has_a_morphology_trait,穗长增加
褐飞虱接虫,has_a_morphology_trait,茎秆枯黄
褐飞虱接虫,has_a_morphology_trait,叶片萎蔫
褐飞虱接虫,has_a_morphology_trait,育性降低
褐飞虱接虫,has_a_morphology_trait,整株死亡
bc3突变体,has_a_morphology_trait,轻微矮化
bc3突变体,has_a_morphology_trait,节间变短
bc3突变体,has_a_morphology_trait,主根长度变短
fc1突变体,has_a_morphology_trait,株高半矮化
fc1突变体,has_a_morphology_trait,穗长和分蘖数不变
Hd3aRNAi转基因植株,has_a_morphology_trait,晚花
Hd3aRNAi转基因植株,has_a_morphology_trait,分蘖数目明显减少
s73突变体,has_a_morphology_trait,早花
s73突变体,has_a_morphology_trait,早花和对光周期不敏感表型
flo-1,has_a_morphology_trait,谷粒形状正常
flo-1,has_a_morphology_trait,胚乳粉状不透明
过表达FLO2,has_a_morphology_trait,增大稻谷籽粒的大小
矮秆突变体dbs1,has_a_morphology_trait,胚基本正常
矮秆突变体dbs1,has_a_morphology_trait,茎和根的生长发育出现严重异常
巨大胚突变体,has_a_morphology_trait,比原始品种Kinmaze的胚大2倍
粳稻9522突变体,has_a_morphology_trait,株高较野生型矮
粳稻9522突变体,has_a_morphology_trait,叶片短而微卷
d162(t),has_a_morphology_trait,株高为正常高度的四分之一左右
d162(t),has_a_morphology_trait,籽粒为正常大小的四分之一左右
d162(t),has_a_morphology_trait,结实很差
d162(t),has_a_morphology_trait,叶短而宽
水稻黄绿叶突变体ygl1,has_a_morphology_trait,前期叶片为黄色
水稻黄绿叶突变体ygl1,has_a_morphology_trait,后期叶色接近野生型
水稻黄绿叶突变体ygl1,has_a_morphology_trait,中期慢慢转绿
ygl1突变体,has_a_morphology_trait,较高的产量
反义Bel基因在W6154S的表达,has_a_morphology_trait,敏感致死
Kasalath,has_a_morphology_trait,茎秆较高并呈散生状
突变体B142,has_a_morphology_trait,节间生长过度
突变体B142,has_a_morphology_trait,株高近2倍于野生型
突变体B142,has_a_morphology_trait,GA过量
osmyoXIB突变体,has_a_morphology_trait,短日照下不育
osmyoXIB突变体,has_a_morphology_trait,长日照下可育
突变体植株ddu1,has_a_morphology_trait,矮化
FON3突变体,has_a_morphology_trait,超过10%的花中内稃、外稃和颖片的数目增加
突变体rim1-1,has_a_morphology_trait,不矮化
突变体rim1-1,has_a_morphology_trait,生长相对缓慢
突变体rim1-1,has_a_morphology_trait,根短小
突变体rim1-1,has_a_morphology_trait,叶尖有时卷曲
水稻散生突变体tac2,has_a_morphology_trait,分蘖期株型松散
水稻散生突变体tac2,has_a_morphology_trait,株型松散
T65-Plj,has_a_morphology_trait,叶片着色更浓重
OGR1突变,has_a_morphology_trait,生长缓慢
OGR1突变,has_a_morphology_trait,不育
ep3突变体,has_a_morphology_trait,花梗中小维管束数量和穗轴粗壮度显著增加
OsSH1转录水平的降低,has_a_morphology_trait,不落粒
ef8突变体,has_a_morphology_trait,开花提前
ef8突变体,has_a_morphology_trait,每穗粒数减少
ef8突变体,has_a_morphology_trait,叶片为轻微的暗绿色
zabra15突变体,has_a_morphology_trait,斑马叶
水稻第7染色体,has_part,du-1
硫酸,has_part,氧
蛋白产物,has_part,核苷酸结合位点
基因,has_part,内含子
细胞质膜受体蛋白,has_part,氨基酸
真核细胞,has_part,细胞器
矮泰引-2,has_part,半矮秆基因
水稻第3染色体,has_part,pms2
腋芽,has_part,分生组织
生物,has_part,细胞
水稻第5染色体,has_part,sd-g
染色质,has_part,核小体
Kasalath,has_part,Hd6等位基因
水稻第2染色体,has_part,Pi16
耐涝水稻,has_part,Sub1A基因
基因,has_part,启动子
第9染色体,has_part,Pi5
醇,has_part,羟基
FR13A,has_part,Sub1A-1
ALK基因,has_part,外显子
表现型,has_part,性状
sd1等位基因,has_part,外显子
肉桂醇脱氢酶,has_part,氨基酸
第1染色体短臂,has_part,QTLGn1
中枢神经系统,has_part,脑
第7染色体短臂,has_part,S20
调节子,has_part,氨基酸
蛋白产物,has_part,富亮氨酸重复序列
水稻第3染色体,has_part,ef4(t)
蛋白产物,has_part,氨基酸
蛋白质,has_part,氨基酸
FC1cDNA,has_part,外显子
系统,has_part,器官
12号染色体,has_part,抗褐飞虱基因
丙酮,has_part,氧
酒,has_part,乙醇
植物,has_part,水果
类受体蛋白激酶,has_part,丝氨酸-苏氨酸激酶区
植物,has_part,细胞
KNOX家族,has_part,OSH15
葡萄糖,has_part,碳
第2染色体,has_part,温敏不育基因
跨膜受体蛋白激酶,has_part,氨基酸
类受体蛋白激酶,has_part,近膜区
sd-1,has_part,内含子
寄生,has_part,宿主
植物学,has_part,植物生理学
突变体,has_part,腋生分生组织
OSH15cDNA,has_part,外显子
MtN3saliva家族,has_part,质膜蛋白
自然科学,has_part,生物学
物侯期,has_part,分蘖期
水稻第7染色体,has_part,E2
碳酸根,has_part,氧
第2染色体,has_part,tms5
水稻第11染色体,has_part,ZR536
水稻第9染色体,has_part,RM316
外显子,has_part,单核苷酸
甲醛,has_part,氢
解剖学,has_part,植物解剖学
水稻第11染色体,has_part,Pi18
第7染色体短臂,has_part,控制水稻F1花粉半不育的基因位点
丙酮,has_part,碳
水稻第11染色体的长臂末端,has_part,Pi-1
NBS域,has_part,激酶1a
类受体蛋白激酶,has_part,信号肽区
水稻第5染色体,has_part,Pi-10
丙烯,has_part,氧
4号染色体,has_part,抗性基因Bph6
D10cDNA,has_part,外显子
核糖体,has_part,rRNA
第8染色体,has_part,tms1
谷梅4号,has_part,Pigm
水稻第5条染色体,has_part,E30531
Hd6cDNA,has_part,外显子
第4染色体,has_part,Bph15
第11染色体,has_part,Xa-21
果糖,has_part,碳
水稻第1染色体,has_part,DBS1
跨膜蛋白,has_part,结构域
乙醇,has_part,碳
地球,has_part,生物圈
Aus品种Dular,has_part,S-9
水稻第2染色体,has_part,Amp1
Te-tep品种,has_part,Xa1
Pi9区域,has_part,NBS-LRR基因
4号染色体短臂,has_part,Bph17
第6染色体,has_part,主效基因Lm
类受体蛋白激酶,has_part,带电荷区
Cys,has_part,半胱氨酸
水稻第5条染色体,has_part,C903
生物,has_part,器官
D3cDNA,has_part,外显子
农垦58S,has_part,pms3
5号染色体,has_part,xa5
科学,has_part,实验
明恢63,has_part,Xa25(t)
水稻第3染色体,has_part,RG348
Xa27cDNA,has_part,外显子
MgO,has_part,镁
稻,has_part,淀粉
水稻第2染色体,has_part,同工酶基因Amp1
穗,has_part,xa13
OC,has_part,碳
Xa10,has_part,ED结构域
MtN3基因家族,has_part,Os8N3
第6染色体,has_part,D35
Calrose76,has_part,氨基酸
鳞茎,has_part,叶子
水稻,has_part,等位基因Sub1A-2
水稻第6染色体,has_part,Hd-1
化合物,has_part,原子
富亮氨酸重复域,has_part,LRR
蔗糖,has_part,红糖
Os8N3cDNA,has_part,外显子
分子,has_part,原子
DBS1,has_part,外显子
Pi5-2,has_part,外显子
BL1,has_part,水稻稻瘟病抗性基因
腺,has_part,细胞
第4染色体,has_part,du-4
水稻第2染色体,has_part,Pib基因
Pi-ta基因,has_part,外显子
氨,has_part,氮
蛋白,has_part,NBS结构域
产物,has_part,类SH2结构域
Pi2编码产物,has_part,氨基酸
水稻第4染色体,has_part,Xa2
RNA,has_part,核苷酸
第12染色体长臂,has_part,Bph18(t)
MOC1cDNA,has_part,外显子
水稻第12染色体,has_part,Pi-6
真核生物,has_part,细胞核
Hd3acDNA,has_part,外显子
产物,has_part,VHIID基序
第12染色体,has_part,单拷贝标记G2140
12号染色体,has_part,ph9
水稻第6染色体长臂,has_part,D35
内保护皮层,has_part,种皮
Pti1基因,has_part,内含子
花药,has_part,xa13
水稻第7染色体,has_part,E3
第4染色体,has_part,htd1
第12染色体,has_part,Bph10
丙烯,has_part,氢
羧基端,has_part,富亮氨酸重复域
化石燃料,has_part,石油
IRBB13,has_part,R基因xa13
水稻第7染色体,has_part,E1
xa5,has_part,外显子
Pi2,has_part,内含子
真核生物,has_part,真核细胞
脂蛋白,has_part,蛋白质
蛋白产物,has_part,蛋白产物
Kasalath,has_part,稻瘟病抗性基因
NBS域,has_part,激酶3a
水稻第1染色体,has_part,Rf3
水稻第6染色体,has_part,Pi-8
垩白,has_part,腹白
花冠,has_part,瓣
第11染色体,has_part,Wbph6
激酶蛋白,has_part,氨基酸
蛋白质,has_part,结构域
种群,has_part,生物
GS3cDNA,has_part,外显子
细胞,has_part,质膜
水稻第11染色体,has_part,Pi-k
水稻第6染色体,has_part,水稻叶瘟抗性位点Pi-z
拟南芥,has_part,脯氨酸
水稻第6染色体,has_part,Pi13
强恢复系IR24,has_part,第10染色体
细胞质,has_part,细胞骨架
垩白,has_part,心白
纤维素,has_part,碳
12号染色体,has_part,M36
气体,has_part,温度
水稻第3染色体,has_part,迟熟基因
叶,has_part,xa13
IRBB5,has_part,缬氨酸
植物,has_part,甘蔗
水稻品种Apura,has_part,Pi-6
内保护皮层,has_part,珠心层
羟基,has_part,氢
植株,has_part,花分生组织
窄叶青8号,has_part,抗叶瘟主效基因Pi-zh
突变,has_part,脱氧核糖核酸
Pi-ta基因,has_part,内含子
水稻第6染色体,has_part,ALK
农垦58S,has_part,光敏核不育基因
Pid3cDNA,has_part,外显子
类受体蛋白激酶,has_part,未知功能区
植物,has_part,籽粒
第2染色体,has_part,显性主效基因
水稻第5染色体,has_part,SSR5-51
DBS1,has_part,内含子
EUI1,has_part,内含子
水稻第9染色体,has_part,G103
Os8N3,has_part,启动子区
水稻,has_part,抗褐飞虱基因
窄叶青8号,has_part,Pi-zh
GA20ox,has_part,氨基酸
核苷酸,has_part,碱基
第12染色体,has_part,Bph9
第12染色体,has_part,pms3
煤,has_part,碳
粮食,has_part,谷物
花被,has_part,花冠
类受体蛋白激酶,has_part,氨基酸
跨膜蛋白,has_part,氨基酸
氨基端,has_part,NBS域
植物,has_part,躯体
第2染色体,has_part,Pid1基因
器官,has_part,组织
日本晴,has_part,谷氨酸
雄蕊,has_part,花药
植物学,has_part,植物解剖学
Te-tep品种,has_part,Xa2
东亚,has_part,台湾
植物,has_part,区域
第2染色体,has_part,S-32(t)
第3染色体,has_part,BC1
Xa10,has_part,跨膜结构
第3染色体,has_part,G1318
植物,has_part,甜菜
第7染色体,has_part,E3
根瘤素基因家族,has_part,Os-8N3
水稻第3染色体,has_part,Pti1基因
GA20氧化酶,has_part,氨基酸
ALK基因,has_part,内含子
第3染色体,has_part,Bph14
NBS-LRR类基因,has_part,Pi2
第10染色体,has_part,Rf4(t)
Pib基因,has_part,内含子
SSII同工酶,has_part,氨基酸
物侯期,has_part,抽穗期
非洲栽培稻,has_part,Ehd1
水稻第12染色体,has_part,Xa-25
BL1,has_part,Pib
氨基酸,has_part,羧基
水稻第6染色体,has_part,Pi9
蔗糖,has_part,白糖
Pi5-1,has_part,外显子
11染色体长臂,has_part,稻瘟病抗性基因Pik
短臂,has_part,Wbph6
垩白,has_part,背白
Swarnalata,has_part,抗性基因Bph6
类受体蛋白激酶,has_part,羧基端尾部区
NBS域,has_part,激酶1a、2和激酶3a
明恢63,has_part,Xa26
原生质体,has_part,内质网
水稻第1染色体,has_part,Pi-35(t)
利比亚粳型品种LAC23,has_part,稻瘟病抗性基因
类受体蛋白激酶,has_part,跨膜区
第3染色体短臂,has_part,Ef-cd
OsKO2基因,has_part,外显子
CDS,has_part,外显子
第8染色体,has_part,Os-8N3
蛋白激酶,has_part,丝氨酸
重组自交系,has_part,植株
第7染色体,has_part,E2
生物系统,has_part,生物系统
1号染色体,has_part,S-16
IR24,has_part,谷氨酸
Pik座位,has_part,稻瘟病抗性基因Pik
水稻第4染色体,has_part,du-4
第2染色体,has_part,Ef-3(t)
水稻第6染色体,has_part,Amp-3
水稻第4染色体,has_part,sd-t
水稻第10染色体,has_part,Rf4
水稻第11染色体的长臂,has_part,Pi-1
第3染色体,has_part,Ef-cd
水稻第10染色体,has_part,Ehd1
植株器官,has_part,种子
水稻第9染色体,has_part,Pi15
基因簇,has_part,质膜凝集素受体激酶基因
8号染色体,has_part,pss1
水稻第6染色体,has_part,Pi-26
第7染色体,has_part,E1
Bph-14cDNA,has_part,外显子
HTD1,has_part,外显子
水稻第3染色体,has_part,GS3
Pi2编码产物,has_part,富亮氨酸重复区
第5染色体,has_part,EUI
水稻第3染色体近着丝粒区,has_part,GS3
12号染色体,has_part,RZ261
灌木,has_part,树干
内质网,has_part,单加氧酶CYP714D1
水稻第11染色体,has_part,Pi-1
自然科学,has_part,生命科学
水稻,has_part,Sub1A-1等位基因
类受体蛋白激酶,has_part,富亮氨酸重复区
蛋白激酶,has_part,苏氨酸
水稻第6染色体,has_part,Pi2
EUI1,has_part,外显子
第4染色体,has_part,C820
苯,has_part,碳
蛋白,has_part,富亮氨酸结构域
第3染色体,has_part,R1925
水稻第8染色体,has_part,Hd5
水稻第6染色体,has_part,bph4
水稻第6染色体上RG64和RZ612之间,has_part,Pi-2
12号染色体,has_part,pms3
蛋白产物,has_part,跨膜结构域
Te-tep品种,has_part,Xa16
地球,has_part,地球大气层
Pi9,has_part,内含子
水稻第11染色体,has_part,Xa4
水稻第3染色体,has_part,RG191
sd1等位基因,has_part,内含子
花,has_part,花被
其他水稻品种,has_part,脯氨酸
蛋白,has_part,同源异型结构域
Xa10,has_part,氨基酸
Pi2编码产物,has_part,核苷酸结合位点
水稻第5染色体,has_part,SSR5-1
野生稻,has_part,Xa-21
第12染色体,has_part,光敏核不育基因
社会科学,has_part,人类学
Aus品种Dular,has_part,S-29(t)
区域,has_part,spl5基因
品种Tongil,has_part,稻瘟病抗性基因
种,has_part,种群
内保护皮层,has_part,果皮
水稻第4染色体,has_part,FC1
水稻第6染色体,has_part,Pgi-2
小粒野生稻,has_part,Pi9
sd-1,has_part,外显子
第8染色体,has_part,Pi-zh
d35,has_part,外显子
植物学,has_part,古植物学
OsKO2基因,has_part,内含子
蛋白产物,has_part,α-螺旋结构域
种子形态解剖学性状,is_a,性状
地上部生物量,is_a,生物学总量
多组织植物构造,is_a,性状
离体植物构造,is_a,性状
地上部鲜重,is_a,鲜重
地上部干重,is_a,干物质重量
穗发育性状,is_a,性状
含碳量,is_a,数量
维管组织形态解剖学性状,is_a,性状
稻瘟病,is_a,病害
白叶枯病,is_a,病害
纹枯病,is_a,病害
稻曲病,is_a,病害
恶苗病,is_a,病害
霜霉病,is_a,病害
籼稻,is_a,水稻
粳稻,is_a,水稻
早稻,is_a,水稻
晚稻,is_a,水稻
水稻,is_a,稻
旱稻,is_a,稻
杂交水稻,is_a,水稻
人工水稻,is_a,水稻
籽粒充实度,is_a,种子成熟度
籽粒硬度,is_a,种子成熟度
颖壳颜色,is_a,种子成熟度
籽粒水分,is_a,种子成熟度
粗度,is_a,生长量
叶片大小,is_a,生长量
分蘖力,is_a,生长量
株高,is_a,生长量
茎杆刚度,is_a,茎秆强度
生育期,is_a,时间
脆性胚乳,is_a,性状
花序苞片发育特征,is_a,性状
细辛,is_a,细辛属
黄芪,is_a,黄芪属
冬青,is_a,冬青科
乌蔹莓,is_a,葡萄科
桔,is_a,桔梗科
马齿苋,is_a,马齿苋科
太白红杉,is_a,红杉
鹅掌柴属,is_a,五加科
柳属,is_a,杨柳科
桃,is_a,蔷薇科
苹果,is_a,蔷薇科
当归,is_a,伞形科
秋海棠,is_a,秋海棠属
蒿柳,is_a,杨柳科
附地菜,is_a,紫草科
高等植物,is_a,植物
卫矛,is_a,卫矛科
堇,is_a,堇菜科
风毛菊,is_a,风毛菊属
鸢尾,is_a,鸢尾科
球花,is_a,蔷薇科
夹竹桃,is_a,夹竹桃科
荨麻,is_a,荨麻科
黄精,is_a,黄精属
胡椒,is_a,胡椒属
雪莲,is_a,风毛菊属
黄芪,is_a,豆科
堇,is_a,堇菜属
棉,is_a,锦葵科
猕猴桃,is_a,猕猴桃科
蒿柳,is_a,柳属
香花藤,is_a,夹竹桃科
鹅掌柴,is_a,鹅掌柴属
蓟,is_a,菊科
棕榈,is_a,棕榈科
榛属,is_a,桦木科
百合,is_a,百合属
蒲公英,is_a,菊科
郁金香,is_a,百合科
荸荠,is_a,莎草科
沙参,is_a,桔梗科
赤楠,is_a,蒲桃属
蒲公英属,is_a,菊科
松属,is_a,松科
灯心草属,is_a,灯心草科
百合,is_a,百合科
猕猴桃,is_a,猕猴桃属
卫矛属,is_a,卫矛科
蒺藜,is_a,蒺藜科
蛇舌草,is_a,白花蛇舌草
柯,is_a,壳斗科
杏李,is_a,蔷薇科
山茶,is_a,山茶科
大戟,is_a,大戟科
榆,is_a,榆科
堇菜属,is_a,堇菜科
芹属,is_a,伞形科
筇竹,is_a,禾本科
蒲公英,is_a,蒲公英属
杨属,is_a,杨柳科
苦苣,is_a,菊科
茶,is_a,山茶
筇竹,is_a,筇竹属
线虫类伤害抗性,is_a,抗性
深水胁迫,is_a,敏感性
干旱相关性状,is_a,性状
农药敏感性,is_a,抗性
木质素生物合成特性,is_a,性状
苞叶形态解剖学性状,is_a,性状
雌蕊形态解剖学性状,is_a,性状
干重,is_a,根重量
鲜重,is_a,根重量
内稃颜色,is_a,内外稃颜色
外稃颜色,is_a,内外稃颜色
小穗重,is_a,小穗形态解剖学性状
刺葵,is_a,棕榈科
莲藕,is_a,藕
玄参,is_a,玄参科
吊兰,is_a,吊兰属
沙棘属,is_a,胡颓子科
黄皮,is_a,黄皮属
槭树,is_a,槭树科
樟属,is_a,樟科
忍冬,is_a,忍冬属
忍冬,is_a,忍冬科
葛枣,is_a,猕猴桃科
秋海棠,is_a,秋海棠科
昆明鸡血藤,is_a,豆科
卫矛,is_a,卫矛属
冷杉属,is_a,松科
八角,is_a,八角属
芹,is_a,伞形科
茶,is_a,山茶科
忍冬属,is_a,忍冬科
黄花,is_a,萱草属
堇菜,is_a,堇菜属
天芥菜,is_a,紫草科
山樱花,is_a,蔷薇科
荸荠,is_a,荸荠属
胡椒,is_a,胡椒科
竹,is_a,禾本科
渥丹,is_a,百合属
盐爪爪,is_a,盐爪爪属
艾蒿,is_a,菊科
芋,is_a,芋头
连蕊茶,is_a,山茶科
百合属,is_a,百合科
粉苞苣,is_a,菊科
茱萸,is_a,山茱萸科
灯心草,is_a,灯心草属
臭冷杉,is_a,冷杉属
鬼针草,is_a,菊科
木通,is_a,木通科
番荔枝,is_a,番荔枝科
浆片长度,is_a,浆片形态解剖学特征
胚乳品质,is_a,性状
毛茛,is_a,毛茛科
槲寄生,is_a,槲寄生属
球兰,is_a,球兰属
画眉草,is_a,画眉草属
枇杷,is_a,枇杷属
红豆杉属,is_a,红豆杉科
毛冬青,is_a,冬青
茎角度,is_a,茎形态解剖学性状
蒸煮酿制品质,is_a,品质性状
木质素生物合成特性,is_a,生理过程相关性状
铁甲虫抗性,is_a,抗虫性
无患子,is_a,无患子科
山黄麻属,is_a,大麻科
大豆,is_a,豆科
十大功劳,is_a,小檗科
火棘,is_a,火棘属
女贞,is_a,女贞属
色木,is_a,色木槭
炮仗花,is_a,紫葳科
红桦,is_a,桦木属
大头茶属,is_a,山茶科
华紫珠,is_a,紫珠属
胆草,is_a,地胆草
小鸢尾,is_a,鸢尾属
飞天蜈蚣,is_a,麒麟叶
垂丝卫矛,is_a,卫矛属
鱼黄草,is_a,旋花科
女贞,is_a,木犀科
独活,is_a,伞形科
细辛属,is_a,马兜铃科
掌叶秋海棠,is_a,秋海棠科
蜡梅属,is_a,蜡梅科
沼柳,is_a,柳属
山牵牛属,is_a,爵床科
丹参,is_a,唇形科
桤木,is_a,桤木属
牛筋条,is_a,蔷薇科
鸢尾,is_a,鸢尾属
稠李,is_a,李属
旋花属,is_a,旋花科
地肤,is_a,藜科
紫斑风铃草,is_a,风铃草属
杞柳,is_a,柳属
水麻,is_a,荨麻科
云南山茶,is_a,山茶
清明花,is_a,清明花属
黄花,is_a,百合科
竹,is_a,竹属
岳桦,is_a,桦木属
八角茴香,is_a,八角
大戟,is_a,大戟属
熊猫,is_a,大熊猫
风仙花,is_a,凤仙花科
牛舌草属,is_a,紫草科
兰,is_a,兰科
紫珠,is_a,紫珠属
铁木,is_a,铁木属
水仙,is_a,水仙属
蒸煮酿制品质,is_a,指标
钠含量,is_a,矿质离子含量相关性状
水稻东格鲁病,is_a,病毒病
四照花,is_a,山茱萸科
刺槐,is_a,豆科
枇杷叶,is_a,枇杷
镜面草,is_a,荨麻科
草子,is_a,紫云英
梧桐,is_a,梧桐属
八宝,is_a,景天科
红光敏,is_a,敏感性
芽形态解剖学特征,is_a,地上部形态解剖学特征
生殖生长期,is_a,植物生命周期
营养生长期,is_a,植物生命周期
冬青卫矛,is_a,卫矛属
山芹,is_a,伞形科
矮鸢尾,is_a,鸢尾科
落羽松,is_a,杉科
减数分裂,is_a,细胞分裂周期
蜡梅,is_a,蜡梅属
断肠花,is_a,清明花属
黑弹树,is_a,榆科
耐寒性,is_a,耐受性
耐冷性,is_a,耐受性
抗寒性,is_a,耐受性
桃叶珊瑚,is_a,桃叶珊瑚属
香樟,is_a,樟
南酸枣属,is_a,漆树科
苦菜,is_a,菊科
榆叶梅,is_a,李属
八角茴香,is_a,八角属
画眉草属,is_a,禾本科
落叶松属,is_a,松科
长叶松,is_a,松科
毛山楂,is_a,山楂
灰杨,is_a,杨柳科
凤梨,is_a,凤梨科
紫鱼,is_a,笛鲷科
尼泊尔桤木,is_a,桤木属
中亚沙棘,is_a,胡颓子科
银柳,is_a,柳属
地黄,is_a,玄参科
知风草,is_a,画眉草属
高粱泡,is_a,蔷薇科
旋复花,is_a,菊科
山蜡梅,is_a,蜡梅属
鼠海豚,is_a,鼠海豚科
西康扁桃,is_a,李属
南洋楹,is_a,合欢属
马蹄金属,is_a,旋花科
红豆杉,is_a,红豆杉科
孩儿茶,is_a,儿茶
D3,is_a,F-box蛋白
性状本体,is_a,词汇表
产量性状,is_a,性状
生化性状,is_a,性状
形态解剖学特征,is_a,性状
其它杂项性状,is_a,性状
异交潜力,is_a,结实率
苗重,is_a,重量
植物构造,is_a,形态解剖学特征
胚发育性状,is_a,性状
根发育性状,is_a,性状
种子发育特征,is_a,性状
维管束发育性状,is_a,性状
生殖生长期,is_a,生殖生长阶段
组织发育性状,is_a,性状
地上部发育性状,is_a,性状
营养生长期,is_a,阶段
水稻抗褐飞虱主效基因,is_a,基因簇
Pib基因,is_a,NBS-LRR类抗病基因
低温发芽力,other,种子
秋季,other,冬季
每穗小花数,other,草本植物花序
水稻,other,蔗糖
Rf4,other,RM6737
单个,other,研究
Xa-21,other,遗传图距
杂种优势,other,生长旺盛
光学图像,other,模拟图像
遗传转化,other,转基因
9月,other,10月
耐寒性,other,耐冷性
Gn1b,other,Gn1a
钠含量,other,植株
焦糖,other,酱油
铁离子浓度,other,植株
唐朝,other,后梁
日本晴,other,Kasalath等位基因
总蛋白含量,other,可溶性总蛋白比
RM589,other,RM588
挥发性脂肪酸,other,抗性淀粉
茎杆角度,other,茎杆
遗传互补实验,other,抗性
真核细胞,other,膜
小穗形态解剖学性状,other,小穗
每穗种子数,other,种子数量
油酸含量,other,植株
染色体,other,遗传学
蒸腾速率,other,水分利用效率
整个根系干重,other,深根重比
4月,other,5月
误差,other,测得的量值
8月,other,9月
遗传率,other,总方差
钾含量,other,植株
不育,other,雄性
茎衰老,other,茎秆
物理,other,生物工程
小组,other,水稻
《时代周刊》,other,《时代》
植物,other,白糖
阿拉伯糖,other,L(+)-树胶醛糖
土星,other,天王星
相对生长率,other,植物生长
镉离子浓度,other,植株
酸,other,D-葡萄糖
线粒体,other,WA352
麦芽提取物百分比,other,酵母营养
HN57,other,华南农业大学
中世纪,other,文艺复兴
叶绿素b,other,叶绿素a/b比值
地球,other,火星
SSR标记,other,cM
光合作用速率,other,气孔关闭
国际市场,other,花卉
体型,other,繁殖力
胚乳品质,other,胚乳
十粒重,other,谷粒
花卉,other,份额
籼S,other,安农S-1
时期,other,煎熬
Rf4,other,RM171
成株期,other,穗瘟
Pp,other,Prp-a
感小种1,other,抗小种2
周期,other,染色质
先传播到阿拉伯,other,阿拉伯数字
日,other,24小时
浆片数目,other,植物
《词典》,other,《辞典》
防止肌肉损失,other,更快的分解转化为葡萄糖
安农S-1,other,雄性
光合作用总量,other,单位时间内植物固定的碳总量
原料,other,材料
杂交不亲和性,other,远缘杂交常表现不亲和
天王星,other,海王星
1月,other,2月
安农S-1,other,籼S
SSR,other,育性恢复基因
可溶性蛋白含量,other,可溶性总蛋白比
难度,other,测试题目的难易程度
懒人稻,other,越年再生稻
分离,other,重组
粒宽,other,粒重
R3192,other,C12072S
夏季,other,秋季
草本植物,other,颖片数
锌离子浓度,other,植株
小穗密度,other,小穗
过去,other,今日
金星,other,地球
康熙,other,雍正
冬季,other,春季
总茎杆数,other,体积茎杆数比
遗传工程,other,转基因
亚油酸含量,other,植株
干细胞,other,组织
发芽速率,other,种子
脱壳籽粒宽度,other,籽粒长宽比
发芽率,other,种子
节间的伸长,other,基因的表达上调
遗传工程,other,遗传转化
生物产量,other,收获指数
铁元素敏感性,other,铁毒性
叶绿素不足,other,叶子变黄
Hd3a,other,RFT1
蛋白,other,育性
小学,other,初中
耐冷性,other,抗寒性
职称,other,资格
信号,other,信息
粒宽,other,脱壳带皮籽粒
粒长,other,带壳带皮的果粒
完备性,other,充分性
董事长,other,董事会主席
稻曲病,other,稻曲病菌
价格,other,花叶
深水胁迫,other,洪水
成体干细胞,other,内细胞团
地上部形态解剖学特征,other,地上部
正常,other,根
种子数量,other,穗
胚芽鞘形态解剖学特征,other,胚芽鞘
小孢子,other,花粉
嘉庆,other,道光
硼离子浓度,other,植株
自交不亲和性,other,近亲繁殖
ω-3脂肪酸含量,other,植株
群体,other,敏感性
叶鞘直径,other,叶鞘
细胞,other,现象
种子数量,other,果实
等位基因,other,水稻驯化
光合作用,other,产物
心脏,other,大脑
总根数,other,地下根占总根比
发芽率,other,萌芽率
微卫星DNA,other,简单重复序列
巴基斯坦,other,巴基斯坦
互作,other,胞质
未发芽种子,other,发芽率
面板,other,面皮
群体,other,共同体
偏差,other,测定的平均值
生长率,other,体长的增量
水稻所结子实,other,稻谷
群体,other,共享共同价值观
类胡萝卜素含量,other,植株
误差,other,参考量值
Ptr(t),other,Pi-ta
遗传互补实验,other,稻瘟病
钾离子含量变化,other,钠离子竞争
磷酸盐含量,other,植株
总钾离子,other,钠钾含量比
F2群体,other,珍汕
含氮量,other,植株
随机分析法,other,抽样调查
总镁离子,other,镁钾含量比
种子休眠性,other,种子
显示分辨率,other,屏幕分辨率
颖果,other,种子
粒厚,other,籽粒
鞘腐病,other,稻帚枝霉菌
12点,other,相对含水量
含铜量,other,植株
动物,other,古生物学
日本,other,水稻
氧化酶活性,other,spl突变体细胞
SSR,other,长臂
氧化胁迫,other,植物
向光性,other,趋光性
杂交试验,other,血清学
血缘关系,other,形态学
硫浓度,other,植株
黑龙江,other,台湾省
紫外光,other,特性
叶绿素a,other,叶绿素a/b比值
2月,other,3月
群体,other,社群
单核苷酸,other,核苷酸
公司的负责人,other,董事长
钙离子浓度,other,植株
水稻,other,农业
会徽,other,绰号为“金丝雀”
砷含量,other,植物
qPS3,other,S19
花序形态解剖学特征,other,花序
首都,other,行政首府
Oskn3,other,植物矮化
总根数,other,TRTNB
普通野生稻,other,分蘖期
分子,other,晶体
组蛋白,other,RNA
粒重,other,谷粒
效率,other,驱动功率
植物叶片总面积,other,叶面积系数
国都,other,行政首府
国家队,other,我国农业
食品添加剂,other,历史
花柱颜色,other,花丝颜色
SSR,other,第10染色体
呼吸量,other,同一时间内代谢损失的碳总量
阿米巴,other,微孢子虫
TMS5,other,RNA酶ZS1
发芽种子,other,发芽率
首都,other,国都
荧光,other,萤光
QTLs,other,R1679
胁迫、光合作用速率或蒸腾,other,气孔关闭
偏差,other,表观误差
渗出液量,other,植物切割部分
镍离子浓度,other,植株
钼浓度,other,钼元素
千粒重,other,谷粒
公司的负责人,other,董事会主席
深根干重,other,深根重比
费用,other,企业在日常活动中发生的会导致所有者权益
Pti1基因,other,bp
Hd1,other,Hd3a
Pish,other,基因编码
经济产量,other,收获指数
铜离子浓度,other,植株
构型,other,包装程度
叶面积系数,other,叶面积指数
中国农业大学,other,清华大学
蒸煮酿制品质,other,食用品质
Pb,other,Prp-b
淀粉消化率,other,饲草料
浆片数目,other,研究
耐寒性,other,抗寒性
农垦,other,经济
芽形态解剖学特征,other,芽
有丝分裂,other,细胞
旋光性,other,蔗糖
Xnbp37,other,Ehd1
基因工程,other,转基因
而且,other,更新
珍汕,other,长臂
总茎杆数,other,分蘖数
消减值,other,冷糊状物粘度
安农S-1,other,N28S
德意志民主共和国,other,民主德国
3A28,other,3A20
苗,other,矮生
吲哚乙酸,other,生长素
整株占有总体积,other,体积茎杆数比
单板,other,面皮
叶绿素,other,细胞膜
遗传工程,other,基因工程
植物穿透到地下的根数,other,地下根占总根比
含铁量,other,植株
Xa-21,other,cM
解剖学,other,动物
越南,other,第2染色体
基因,other,孢子
粒数,other,株高
种子长宽比,other,籽粒长宽比
地上部向光性,other,胚芽鞘向光性
节间伸长,other,分生组织
遗传图,other,遗传连锁图
Pik,other,水稻驯化
Pik,other,等位基因
锰离子浓度,other,植株
不育基因座位,other,特异亲和基因座位
突变,other,生殖同源异型
光合势,other,叶面积持续期
稻谷脱去颖壳后,other,糙米
蛋白,other,WA352
遗传率,other,遗传方差
广狭及四至,other,幅员
可溶性总蛋白比,other,蛋白水解
偏差,other,个别测定值
阿拉伯糖,other,L(+)-阿戊糖
氧化磷,other,三磷酸腺苷
王春连,other,小种
笔记本电脑,other,便携式电脑
植物干重,other,植株
谷粒大小,other,种子大小
阿拉伯糖,other,果胶糖
总投资,other,固定资产投资
植物器官构造,other,植物器官
组织,other,修复系统
Amol1,other,cM
黄酮类化合物含量,other,植物
科学家,other,精子细胞
困难局面,other,亏损
抽穗期,other,Hd(t)
光合速率,other,水分利用效率
植物鲜重,other,植物
氰与青色相联系,other,普鲁士蓝即为一种氰化物
花序数目,other,花序
SSR,other,Rf6(t)
土地面积,other,叶面积系数
穗重,other,穗
潜力,other,潜在的能力和力量
棒状结构,other,化学
商业,other,克隆
德意志民主共和国,other,东德
特化细胞,other,新生组织
占位性块状,other,赘生物
鲜重,other,干重+水分
渗透调节能力,other,植物
朝阳,other,绿色科技
供能,other,分化
锌含量,other,植株
水稻,other,麦类
HAF1,other,蛋白酶
籽粒大小,other,果皮
呼吸速率,other,植物
职业水平评定,other,职称评定
干细胞,other,生育后代
光合能力,other,光合作用强度
叶片,other,叶温
水分,other,干旱相关性状
小穗数,other,小穗
首都,other,首要城市
花粉囊,other,小孢子囊
遗传学,other,真核生物
病原菌,other,Spl-2基因位点
农垦,other,盈利
脱壳籽粒长度,other,籽粒长宽比
杂种衰退的弱势表型,other,自身免疫应答
感小种1,other,TN1
光合能力,other,光合效率
总投资,other,流动资产投资
雄穗花序形态解剖学性状,other,雄穗花序
正德,other,嘉靖
胞内激酶结构域,other,XA21
植物茎轴形态解剖学特征,other,植物根茎
安农S-1,other,高温
L(+)-树胶醛糖,other,L(+)-阿戊糖
消减值,other,峰值粘度
生长率,other,初期体长
糙米长,other,糙米
总钠离子,other,钠钾含量比
浆片形态解剖学特征,other,浆片
稻穗,other,穗伸出度
钴离子浓度,other,植株
成熟期,other,压力
杨蜀岚,other,长穗颈高秆突变系eB-2
单板,other,面板
花序重量,other,研究
微卫星DNA,other,短串连重复
硒离子浓度,other,植株
avrPish,other,抗性
相对含水量,other,叶片
干重+水分,other,鲜重
国都,other,首要城市
硬油酸含量,other,植株
基因工程,other,遗传转化
N28S,other,籼S
单性生殖,other,遗传学
遗传互补实验,other,基因编码
电子计算机,other,电脑
水稻野败型,other,红莲型
收割,other,脱壳
遗传力,other,遗传率
化学应力敏感性,other,化学胁迫敏感性
18℃以下的温度,other,低温
脱壳籽粒,other,籽粒长宽比
突变,other,同源异形
L(+)-树胶醛糖,other,果胶糖
穗形态解剖学性状,other,穗子
镁离子浓度,other,植株
生长,other,周期
抗酶解淀粉,other,抗性淀粉
12月,other,一月
《时代周刊》,other,Time
蒸腾,other,气孔关闭
胁迫,other,气孔关闭
杂交不亲和性,other,远缘杂种表现不育
画面,other,水培
总钾离子,other,镁钾含量比
相对小穗数,other,小穗
茎秆,other,叶片
1cd,other,1000mcd
花器官形态解剖学特征,other,花器官
淀粉粒合成,other,检测
线粒体,other,蛋白
甜味,other,淀粉酶
大米,other,糠皮
细胞,other,染色体
效率,other,有用功率
单板,other,木皮
每穗瘪粒数,other,空粒数
国内生产总值,other,人均收入
破坏了RIM结构,other,对RDV的抗性
体型,other,生长率
海市蜃楼,other,光的折射和全反射
遗传互补实验,other,病原菌
地上节间形态解剖学性状,other,地上部
蝉无蛹期,other,蝉蛹是错误的
蜃景,other,光的折射和全反射
XA21,participate,免疫应答
XA21,participate,抗病性
XA21K736E,participate,抗病性
Ptr(t),participate,稻瘟病抗性
HAF,participate,Hd1积累
D3蛋白,participate,叶片衰老过程
D3蛋白,participate,黑暗诱导的植物叶片衰老过程
D3蛋白,participate,叶片细胞死亡过程
D3蛋白,participate,过氧化氢诱导的植物叶片细胞死亡过程
D3,participate,叶片衰老过程
D3,participate,黑暗诱导的植物叶片衰老过程
D3,participate,叶片细胞死亡过程
D3,participate,过氧化氢诱导的植物叶片细胞死亡过程
KNOX基因,participate,SAM的形成
KNOX基因,participate,调节SAM的形成
KNOX,participate,SAM的形成
KNOX,participate,调节SAM的形成
Oskn3,participate,器官定位模式的塑造
KNOX,participate,细胞命运决定
OsH15,participate,植物的发育
OsH15,participate,发育
OsH15,participate,调节SAM的形成
SPL5,participate,RNA的剪接
3b亚基3,participate,剪接
3b亚基3,participate,剪接调节细胞死亡和抗性应答的预成熟RNA
同源蛋白,participate,水稻侧芽生长
同源蛋白,participate,侧芽生长
OsCCD7,participate,独角金内酯生物合成
OsCCD7,participate,生物合成
贝壳杉烯氧化酶,participate,赤霉素生物合成
贝壳杉烯氧化酶,participate,赤霉素
贝壳杉烯氧化酶,participate,赤霉素生物合成早期步骤
效应子,participate,基因Xa13表达
Pib,participate,蛋白产物
组成因子,participate,植物免疫应答
OsRac1,participate,免疫反应
Pit,participate,免疫反应
Pi-9,participate,蛋白产物
乙烯,participate,ABA的降解
乙烯,participate,Sub1A的表达
Sub1A,participate,抑制因子SLR1和SLRL1的积累
sd1,participate,赤霉素的合成
GA20ox,participate,赤霉素合成
GA20ox,participate,催化GA53转换为GA20
OsDRP2B,participate,胞吞作用通路
OsDRP2B,participate,高尔基体后的跨膜运输
OsDRP2B,participate,纤维素合成
BC3,participate,纤维素的合成
OsDRP2B,participate,胞吞
OsDRP2B,participate,后高尔基体的跨膜转运
Ghd7基因编码的蛋白质,participate,开花
蛋白产物,participate,光敏色素生色团的生物合成
血红素加氧酶,participate,光敏色素发色团生物合成
主效基因,participate,调控光周期开花
FLO2,participate,耐热
OsRDR6参与的RNA沉默途径,participate,植株对病毒、细菌和真菌的防卫反应
SHL2编码RNA,participate,trans-acting小干扰RNA
ta-siRNA,participate,水稻花器官的近轴-远轴极性建成
miR166,participate,ta-siRNA的形成
DBS1,participate,器官的生长和发育
MIF4G域,participate,蛋白与病毒的交互识别作用
GluB-1,participate,合成谷蛋白
复合体,participate,mRNA帽子结构的固定
复合体,participate,核糖体的招募
过氧化氢,participate,水稻幼苗叶片中热激
过氧化氢,participate,镉诱导的抗坏血酸过氧化物酶
过氧化氢,participate,谷胱甘肽还原酶的表达
Rd,participate,水稻果皮原花色素的合成
Rd,participate,原花色素的合成
Rd,participate,果皮原花色素的合成
OsCKI1,participate,信号转导
OGR1,participate,线粒体转录本的RNA编辑
OGR1,participate,RNA编辑
包含bHLH结构的蛋白,participate,花青素的生物合成
包含bHLH结构的蛋白,participate,花青素
被OGR1进行RNA编辑的线粒体转录本,participate,线粒体电子传递链
线粒体转录本,participate,线粒体电子传递链
SPL基因,participate,开花时间的调节
SPL,participate,开花时间的调节
QTLs,participate,植物组织的细胞分裂素水平的调节
BPH18,participate,排趋性
BPH18,participate,抗生性
SGR,participate,参与PaO的活性
OsHTAS,participate,ABA参与
PM定位的XA21和XA21K736E,participate,水稻的抗病性
Ptr(t),participate,Pi-ta参与的稻瘟病抗性
HAF,participate,对Hd1积累的精细调控
CIATED1,participate,光周期诱导的开花
OsLHY,participate,节律钟的调节
Ehd1的同源二聚化,participate,诱导水稻开花
不依赖G蛋白,regulate,叶鞘伸长
OsCKX2,regulate,稻谷的产量
OsCKX2,regulate,细胞分裂素的积累
d1,regulate,对24-表油菜素内酯的敏感性
RGA1,regulate,耐旱性
细胞分裂受到抑制,regulate,d1突变体矮秆
D1,regulate,株高
D1的隐性突变,regulate,矮化
QTLGn1,regulate,粒数
Gn1a位点,regulate,每穗实粒数
qPS3,regulate,杂种花粉败育
FLW1,regulate,剑叶宽度
FLW2,regulate,剑叶宽度
MOC1,regulate,分蘖
一对显性基因,regulate,广谱抗性
Hd1mRNA的数量,regulate,促进抽穗
Hd1mRNA的数量,regulate,延迟抽穗
Hd1,regulate,穗粒数
Ehd基因,regulate,穗粒数
Hd1,regulate,水稻穗发育
Ehd1,regulate,水稻穗发育
Hd-1位点,regulate,抽穗期
Se-1,regulate,抽穗期
Hd-1位点,regulate,成熟
Se-1,regulate,成熟
来自Kasalath的等位基因,regulate,抽穗
Hd6等位基因,regulate,水稻抽穗
CK2α亚基,regulate,开花时间
Hd3a位点的等位基因,regulate,抽穗
传递通路,regulate,水稻的开花
Hd1和Ehd基因,regulate,穗粒数
置换,regulate,迟开花
水稻稻瘟病抗性基因,regulate,水稻稻瘟病
D3蛋白,regulate,分蘖芽的活性
SCFD3复合体,regulate,地上部分枝
D14,regulate,地上部分枝
腋生分生组织,regulate,分蘖芽
OSH15,regulate,发育
OSH15,regulate,节间细胞的形态和分化
OSH15,regulate,节间细胞的形态
OSH15,regulate,分化
OSH15,regulate,节间伸长
OSH15,regulate,分裂速率
OSH基因,regulate,异位芽
OSH基因,regulate,叶片的发育
OSH基因,regulate,叶处于未分化的状态
OSH15,regulate,水稻节间的发育
水稻温敏型雄性不育控制基因,regulate,水稻温敏型雄性不育
温敏雄性核不育基因,regulate,温敏雄性核不育
tms5,regulate,雄性不育
温敏雄性不育基因tms5,regulate,雄性不育
温敏雄性不育基因,regulate,雄性不育
Rf3,regulate,育性
Rf3,regulate,水稻野败型胞质雄性不育系的育性
Rf4(t),regulate,育性
育性恢复基因,regulate,育性
Rf4,regulate,育性
水稻野败型细胞质雄性不育恢复基因,regulate,育性
Rf6(t),regulate,育性
育性恢复基因,regulate,野败型胞质不育
D1,regulate,茎秆增粗
D1,regulate,叶片短且宽
D1,regulate,叶色暗绿
D1,regulate,穗形直立
D1,regulate,着粒紧密
D1,regulate,谷粒小而圆
d3突变,regulate,株高变矮
d3突变,regulate,分蘖增多
OSH15的缺失,regulate,植物矮化
Rf-WA-2,regulate,不育恢复
野败型胞质不育恢复基因,regulate,不育恢复
Rf6,regulate,育性
Spl-2基因位点,regulate,水稻斑点叶
SPL5,regulate,细胞死亡
SPL5,regulate,抗性应答
一对隐性基因,regulate,长穗颈高秆性状
eui2,regulate,长穗颈高秆性状
光敏色素,regulate,水稻节间的伸长
节间伸长控制基因,regulate,节间伸长
新矮秆基因,regulate,矮秆
隐性单基因,regulate,矮生性
sd-g,regulate,矮生性
白背飞虱抗性基因,regulate,白背飞虱抗性
Wbph6(t),regulate,抗性
显性抗性基因,regulate,抗性
黄绿叶基因,regulate,黄绿叶
非编码RNA,regulate,不育
PTMS12-1,regulate,不育
ptms12-1,regulate,不育
非编码RNA,regulate,粳稻农垦58S光敏型雄性不育
非编码RNA,regulate,籼稻培矮64S温敏雄性不育
tms1,regulate,温敏核不育
Os8N3,regulate,寄主感病
Xa13基因,regulate,抗病性
Xa13基因,regulate,生殖生长
Xa14,regulate,抗性
Xa16,regulate,对日本小种Ⅶ的抗性
Xa1,regulate,抗性
Xa2,regulate,抗性
Xa16,regulate,抗性
Pi-sh,regulate,稻瘟病抗性
稻瘟病抗性基因,regulate,稻瘟病抗性
eui1,regulate,高秆
EUI1,regulate,生长
sd1,regulate,育性
单隐性基因,regulate,茎叶脆嫩性状
xa28(t,regulate,LotaSail对小种2的抗性
ef1与Se1-e,regulate,Taichung65的BVP
Ef-1,regulate,基本营养生长
E1位点,regulate,水稻的抽穗期和成熟
ef-6位点,regulate,基本营养生长期
sh4基因,regulate,水稻落粒性
Bph13(t),regulate,抗褐飞虱性状
GS3位点,regulate,粒重
GS3位点,regulate,粒长
du-3,regulate,低直链淀粉含量
隐性单基因,regulate,低直链淀粉含量
"du-1,du-2,du-3,du-4和du-5",regulate,低直链淀粉含量
FC1,regulate,木质素的生物合成
FC1,regulate,水稻茎秆强度
显性早熟基因,regulate,完全显性早熟特性
S20,regulate,F1花粉半不育
S-25(t),regulate,半不育性
S21,regulate,F1花粉半不育
两个独立遗传的主基因,regulate,杂种育性
GS3,regulate,粒长粒重
DEP1,regulate,穗型
GS3,regulate,籽粒大小
GS3,regulate,粒重
GS3,regulate,粒长
GS3,regulate,粒宽
GS3,regulate,籽粒充实度
qGC-6,regulate,粳/籼杂交胶稠度
ef1-h基因,regulate,抽穗
ef1-h基因,regulate,成熟
ef1-h基因,regulate,基本营养生长
Hd2,regulate,长日照条件下抽穗期
Hd-2位点,regulate,抽穗期和成熟
SGP(t),regulate,水稻生育期
Ghd7,regulate,每穗粒数
Ghd7,regulate,株高
Ghd7,regulate,抽穗期多效性
Ghd7,regulate,每穗粒数、株高和抽穗期多效性
Hd2,regulate,抽穗期
hd7基因位点,regulate,每穗粒数、株高和抽穗期
flo-1基因位点,regulate,直链淀粉含量
FLO2,regulate,胚乳中储藏性物质
FLO2,regulate,水稻籽粒大小
FLO2,regulate,淀粉品质
flo-2基因位点,regulate,水稻的直链淀粉含量
SH4,regulate,离区发育
Pi-GD-1(t),regulate,对广东菌株RFDW-I的抗性
Pi-GD-3(t),regulate,对广东菌株RFDW-IV的抗性
Ge位点,regulate,水稻籽粒胚
Rhz3和Rhz2,regulate,地下茎性状
Twisteddwarf1(Td1),regulate,株高
Twisteddwarf1,regulate,株高
Td1,regulate,株高
Twisteddwarf1(Td1),regulate,叶卷曲
Twisteddwarf1,regulate,叶卷曲
Td1,regulate,叶卷曲
水稻显性半矮秆基因,regulate,茎秆节间的伸长
显性半矮秆基因,regulate,茎秆节间的伸长
sdk(t),regulate,1042-13半矮秆性状
eui基因,regulate,2428ha的株高
sd-1基因,regulate,2428ha的株高
sd-h(t),regulate,2428ha的株高
隐性矮秆基因,regulate,矮生性
d162(t),regulate,162d的矮生性
dj(t),regulate,江苏矮的矮生性
sd-s(t),regulate,矮生性
一组复等位基因,regulate,杂种一代育性
Rsb-2(t),regulate,抗性
Pi-hk1(t),regulate,黑壳子粳对北1的抗性
TAC1,regulate,分蘖角度
Hd(t),regulate,抽穗期
多个座位的基因,regulate,籼粳亚种间的杂种不育性
Lcr1(t),regulate,杂交不亲和性
bel,regulate,对除草剂苯达松敏感致死
du-2,regulate,低直链淀粉含量
du基因位点,regulate,直链淀粉含量
PROG1基因,regulate,匍匐生长习性
GIF蛋白,regulate,稻米组织
GIF蛋白,regulate,谷物中的淀粉数量
GIF1基因,regulate,蔗糖酶（转化酶）的活性
GIF1,regulate,蔗糖运输卸载和灌浆
Rd,regulate,水稻果皮的色泽
qSW5,regulate,水稻籽粒宽度
Spk(t),regulate,水稻的分蘖角度
Spk(t),regulate,分蘖角度
hwe1(t),regulate,F2杂种劣势
隐性半矮秆基因,regulate,矮生性状
osmyoXIB,regulate,水稻花粉的发育
SKC1,regulate,K+和Na+从根部向地上部的运输过程
ddu1,regulate,水稻株高
FON3,regulate,花器官的数目
SHA1,regulate,籽粒的落粒性
QTLqCL-3,regulate,茎高
DEP1,regulate,水稻产量
qPE9-1,regulate,水稻穗型
1对隐性主效基因,regulate,tac2突变性状
隐性主效基因,regulate,水稻分蘖角度
Pl基因位点,regulate,地上部分的颜色
gw9.1,regulate,每穗(实)粒数、穗长、穗着粒密度、稠穗期和株高等性状
gw9.1,regulate,每穗(实)粒数
gw9.1,regulate,穗长
gw9.1,regulate,穗着粒密度
gw9.1,regulate,稠穗期
gw9.1,regulate,株高
OSH15,regulate,伸长中的节间外面基层细胞的位置
同源异型基因,regulate,细胞或区域的建立
同源异型基因,regulate,躯体的决定
LTG1编码酪蛋白激酶,regulate,低温应答
G蛋白复合体,regulate,氮信号
qPE9-1,regulate,直立穗
qPE9-1,regulate,株型性状
qPE9-1,regulate,水稻产量
qPE-9,regulate,ABA介导的干旱胁迫响应
微RNA,regulate,基因表达
IPA1,regulate,水稻分蘖
HTD1,regulate,水稻侧芽生长
赤霉素,regulate,茎的伸长
GS3编码的蛋白,regulate,粒重
